Date,From,To,Duration,Name,User,E-mail,"Staff number",Customer,Project,Activity,Description,Billable,Tags,Type,category,Account,"Project number",VAT-ID,"Order number"
2026-08-31,13:00,15:00,2:00,"Franco Dodera",franco,fanco.dodera@cunix.net,K0003,"[618010007] Subsecretaría del Ministerio de Vivienda y Urbanismo de Chile","[PR2510126] MINVU-SELICO | MINVU - Mantención y soporte de sistemas informáticos para las plataformas de proveedores y registros técnicos",Desarrollo,"Desarrollo script para parametrizacion, y solucion bug, no se pudo probar correctamente falta VPN",1,,timesheet,work,618010007,PR2510126,618010007,PR2510126
2026-08-28,11:00,12:00,1:00,"Franco Dodera",franco,fanco.dodera@cunix.net,K0003,"[618010007] Subsecretaría del Ministerio de Vivienda y Urbanismo de Chile","[PR2510126] MINVU-SELICO | MINVU - Mantención y soporte de sistemas informáticos para las plataformas de proveedores y registros técnicos",Desarrollo,"Reunion con humberto afinacion de garantia",1,,timesheet,work,618010007,PR2510126,618010007,PR2510126
2026-08-26,12:30,13:30,1:00,"Franco Dodera",franco,fanco.dodera@cunix.net,K0003,"[618010007] Subsecretaría del Ministerio de Vivienda y Urbanismo de Chile","[PR2510126] MINVU-SELICO | MINVU - Mantención y soporte de sistemas informáticos para las plataformas de proveedores y registros técnicos",Desarrollo,"Reunion aceptacion de nuevo decreto",1,,timesheet,work,618010007,PR2510126,618010007,PR2510126
2026-08-19,10:00,17:00,7:00,"Franco Dodera",franco,fanco.dodera@cunix.net,K0003,"[618010007] Subsecretaría del Ministerio de Vivienda y Urbanismo de Chile","[PR2510126] MINVU-SELICO | MINVU - Mantención y soporte de sistemas informáticos para las plataformas de proveedores y registros técnicos",Desarrollo,"Verificacion de funcionamiento de scripts, cargado de datos en power bi, documentacion y casos de prueba de POWER BI Y ETL",1,,timesheet,work,618010007,PR2510126,618010007,PR2510126
2026-08-18,12:00,19:00,7:00,"Franco Dodera",franco,fanco.dodera@cunix.net,K0003,"[618010007] Subsecretaría del Ministerio de Vivienda y Urbanismo de Chile","[PR2510126] MINVU-SELICO | MINVU - Mantención y soporte de sistemas informáticos para las plataformas de proveedores y registros técnicos",Desarrollo,"Modificacion ETL, mas scripts de ejecucion para poder parametrizar BD de DW_MINVU con respecto a Registros Tecnicos",1,,timesheet,work,618010007,PR2510126,618010007,PR2510126
2026-08-14,12:00,16:00,4:00,"Franco Dodera",franco,fanco.dodera@cunix.net,K0003,"[618010007] Subsecretaría del Ministerio de Vivienda y Urbanismo de Chile","[PR2510126] MINVU-SELICO | MINVU - Mantención y soporte de sistemas informáticos para las plataformas de proveedores y registros técnicos",Desarrollo,"Desarrollo y comienzo de verificacion tabla RUBRO_ESPECIALIDAD... DW_MINVU",1,,timesheet,work,618010007,PR2510126,618010007,PR2510126
2026-08-13,12:00,16:00,4:00,"Franco Dodera",franco,fanco.dodera@cunix.net,K0003,"[618010007] Subsecretaría del Ministerio de Vivienda y Urbanismo de Chile","[PR2510126] MINVU-SELICO | MINVU - Mantención y soporte de sistemas informáticos para las plataformas de proveedores y registros técnicos",Desarrollo,"Correccion de bugs de produccion",1,,timesheet,work,618010007,PR2510126,618010007,PR2510126
2026-08-12,12:00,16:00,4:00,"Franco Dodera",franco,fanco.dodera@cunix.net,K0003,"[618010007] Subsecretaría del Ministerio de Vivienda y Urbanismo de Chile","[PR2510126] MINVU-SELICO | MINVU - Mantención y soporte de sistemas informáticos para las plataformas de proveedores y registros técnicos",Desarrollo,"Revision fix, bug resuelto, reunion con humberto",1,,timesheet,work,618010007,PR2510126,618010007,PR2510126
2026-08-11,12:00,16:00,4:00,"Franco Dodera",franco,fanco.dodera@cunix.net,K0003,"[618010007] Subsecretaría del Ministerio de Vivienda y Urbanismo de Chile","[PR2510126] MINVU-SELICO | MINVU - Mantención y soporte de sistemas informáticos para las plataformas de proveedores y registros técnicos",Desarrollo,"Revision fix, y nuevo bug de produccion solucionado, reunion con humberto",1,,timesheet,work,618010007,PR2510126,618010007,PR2510126
2026-08-10,15:00,21:00,6:00,"Franco Dodera",franco,fanco.dodera@cunix.net,K0003,"[618010007] Subsecretaría del Ministerio de Vivienda y Urbanismo de Chile","[PR2510126] MINVU-SELICO | MINVU - Mantención y soporte de sistemas informáticos para las plataformas de proveedores y registros técnicos",Desarrollo,"Revision sprint 11, reuniones. Verificacion de error sobre ETL y power BI respecto a lo reportado por el usuario",1,,timesheet,work,618010007,PR2510126,618010007,PR2510126
2026-08-07,23:00,02:00,3:00,"Franco Dodera",franco,fanco.dodera@cunix.net,K0003,"[618010007] Subsecretaría del Ministerio de Vivienda y Urbanismo de Chile","[PR2510126] MINVU-SELICO | MINVU - Mantención y soporte de sistemas informáticos para las plataformas de proveedores y registros técnicos",Desarrollo,"REUNIONES Y REVISIONES",1,,timesheet,work,618010007,PR2510126,618010007,PR2510126
2026-08-06,10:00,16:00,6:00,"Franco Dodera",franco,fanco.dodera@cunix.net,K0003,"[618010007] Subsecretaría del Ministerio de Vivienda y Urbanismo de Chile","[PR2510126] MINVU-SELICO | MINVU - Mantención y soporte de sistemas informáticos para las plataformas de proveedores y registros técnicos",Desarrollo,"Proceso traspaso a produccion",1,,timesheet,work,618010007,PR2510126,618010007,PR2510126
2026-08-05,10:00,16:00,6:00,"Franco Dodera",franco,fanco.dodera@cunix.net,K0003,"[618010007] Subsecretaría del Ministerio de Vivienda y Urbanismo de Chile","[PR2510126] MINVU-SELICO | MINVU - Mantención y soporte de sistemas informáticos para las plataformas de proveedores y registros técnicos",Desarrollo,"Revision sprint 9 completo, corrida ETL y power BI",1,,timesheet,work,618010007,PR2510126,618010007,PR2510126
2026-08-04,14:30,18:00,3:30,"Franco Dodera",franco,fanco.dodera@cunix.net,K0003,"[618010007] Subsecretaría del Ministerio de Vivienda y Urbanismo de Chile","[PR2510126] MINVU-SELICO | MINVU - Mantención y soporte de sistemas informáticos para las plataformas de proveedores y registros técnicos",Desarrollo,"Nuevo pedido del usuario en planilla calculo experiencia, se agrego la posibilidad de distinguir nuevo y antiguo decreto por subespecialidad",1,,timesheet,work,618010007,PR2510126,618010007,PR2510126
2026-08-03,12:00,16:00,4:00,"Franco Dodera",franco,fanco.dodera@cunix.net,K0003,"[618010007] Subsecretaría del Ministerio de Vivienda y Urbanismo de Chile","[PR2510126] MINVU-SELICO | MINVU - Mantención y soporte de sistemas informáticos para las plataformas de proveedores y registros técnicos",Desarrollo,"Solucion de bug, mas verificacion y reunion",1,,timesheet,work,618010007,PR2510126,618010007,PR2510126
